userId,Name,Email,Title
S001,David,DavidCY@waterloo.com,A
S002,Perry,PerryP@waterloo.com,A
S003,Tommy,TommyT@waterloo.com,A
S004,Tony,TonyWC@waterloo.com,SA
S005,Sandy,SandyS@waterloo.com,SA
S006,David,DavidTK@waterloo.com,SA
S007,Allen,AllenA@waterloo.com,M
S008,David,DavidA@waterloo.com,M
S009,Matthew,MatthewLW@waterloo.com,D
S010,Mat,MatC@waterloo.com,M
S011,David,DavidCL@waterloo.com,SM
S012,Tony,TonyF@waterloo.com,A